'5001','unknown','unknown','#5001 (Log queries to stdout)'
'5002','unknown','unknown','#5002 ([patch] using pdb with django)'
'5003','anonymous','unknown','#5003 (Update for german localization)'
'5004','unknown','unknown','#5004 (Keyword Devel collision)'
'5005','unknown','unknown','#5005 (Integration with mod_wsgi should be documented.)'
'5006','unknown','unknown','#5006 (Documentation of {% if %} in django/template/defaulttags.py incorrect w.r.t "and")'
'5007','unknown','unknown','["      #5007 (Data truncated for column ''message'' at row 1)     –     "'
'5008','unknown','unknown','#5008 (in mysql backend the test for MySQLdb version fail)'
'5009','unknown','unknown','#5009 (favicon in django)'
'5010','unknown','unknown','["      #5010 (non latin characters in django.core.mail don''t work due to quoted-printable issue)     –     "'
'5011','unknown','unknown','#5011 (validators hasNoProfanities improperly uses ungettext)'
'5012','SmileyChris','unknown','#5012 (Allow QuerySets to handle offsets without limits and negative slicing)'
'5013','unknown','unknown','#5013 (Inaccurate middleware documentation for process_request and process_view)'
'5014','unknown','Bug','#5014 (manage.py inspect db is not using the new DecimalField)'
'5015','unknown','unknown','#5015 (Unicode Merge broken oldforms)'
'5016','unknown','unknown','#5016 (want Code for generating validation codes (in images)  for django?)'
'5017','unknown','unknown','#5017 (small translation fix (German))'
'5018','unknown','unknown','#5018 (Add SQL_DEBUG option that shows SQL queries being executed)'
'5019','unknown','unknown','#5019 (relative links broken at the e.g. admin/auth/user/1/password page)'
'5020','unknown','unknown','#5020 (select_related() implicit joins)'
'5021','unknown','unknown','["      #5021 (''cleaned_data'' should be ''clean_data'' in newforms documentation)     –     "'
'5022','unknown','Uncategorized','#5022 (Proposed middleware: SubdomainURLsMiddleware)'
'5023','Chui Tey','unknown','#5023 (Tighten security around generic views)'
'5024','unknown','unknown','#5024 ("Passwd" is invalid option in MySQL option file; must use "Password")'
'5025','SmileyChris','New feature','#5025 (Add a "truncate" template filter)'
'5026','anonymous','unknown','["      #5026 (cannot use initial of newforms for selectdatewidget''s value)     –     "'
'5027','anonymous','unknown','#5027 (cannot initial the selectdatewidget value in newforms)'
'5028','unknown','Uncategorized','#5028 (unicode: str(s) can fail if s is an AssertionError)'
'5029','unknown','unknown','#5029 (newforms FileField special file naming requirements)'
'5030','unknown','unknown','#5030 (Remove COUNT(*) aggregate from model.save() when determining whether row exists)'
'5031','unknown','unknown','#5031 (Replace Try/except block with pop method with default)'
'5032','unknown','unknown','#5032 (newforms-admin: missing labels in admin for all translated fields (seen on user change form))'
'5033','unknown','unknown','#5033 (Dynamic initial values for MultipleChoiceFields in newforms)'
'5034','Trey','unknown','#5034 (request.urlconf does not get used in URL template tag)'
'5035','anonymous','unknown','#5035 (Group documentation missing?)'
'5036','unknown','unknown','#5036 (wrong typefield for email field in models.py)'
'5037','unknown','unknown','#5037 (DB-API docs model example uses URLField for email adress)'
'5038','anonymous','unknown','#5038 ([newforms-admin] JS - inclusion in admin pages)'
'5039','apollo13','unknown','#5039 ([newforms-admin] JS - inclusion in admin pages)'
'5040','anonymous','unknown','#5040 (integrate django documentation)'
'5041','unknown','unknown','#5041 (Admin pages insufficiently escape special characters in primary keys links)'
'5042','anonymous','unknown','#5042 (misleading documentation)'
'5043','unknown','unknown','#5043 (Postgresql transaction error handling is different)'
'5044','dall','unknown','#5044 (Update urlify.js with missing characters)'
'5045','unknown','unknown','#5045 (Primary keys containing URL characters breaks admin links)'
'5046','unknown','unknown','#5046 (views/debug.py: Display string of UnicodeError)'
'5047','permon','unknown','#5047 (max-age set by cache_page is overwritten by cache_middleware)'
'5048','unknown','unknown','#5048 (Allow TypeError exceptions to propagate in templates)'
'5049','unknown','unknown','#5049 ([PATCH] Application settings import)'
'5050','SmileyChris','unknown','#5050 (Better newforms metaclassing)'
'5051','unknown','unknown','["      #5051 (Models'' example page in documentation raise a 500)     –     "'
'5052','unknown','unknown','#5052 (Backend for DB2 v9 database)'
'5053','trickyb','unknown','#5053 (newforms documentation - add an action attribute to <form>)'
'5054','Esaj','unknown','["      #5054 (Calendar in admin interface doesn''t display over dropdowns correctly in IE6)     –     "'
'5055','unknown','unknown','#5055 (Postgres version mismatch)'
'5056','unknown','unknown','#5056 (gettext/ngettext do not accept UTF-8 and Unicode input strings.)'
'5057','unknown','unknown','#5057 (Ordering by a foreign key which has a descending ordering fails)'
'5058','mamcx','unknown','#5058 (Fail to run runtest on windows (rev:5783))'
'5059','gregg','unknown','#5059 (Probably missing import in sample code)'
'5060','unknown','unknown','#5060 (inconsistent capitalization)'
'5061','unknown','unknown','#5061 (New backend for Sql Server  using pymssql)'
'5062','mamcx ','unknown','#5062 (New backend for Sql Server  using pymssql)'
'5063','unknown','Bug','#5063 (PostgreSQL connection close when using model with a  OneToOneField and a ManyToManyField)'
'5064','unknown','unknown','#5064 (Possibly confusing line in auth docs)'
'5065','unknown','unknown','#5065 (Add a post_reset signal to "manage.py reset <app>")'
'5066','unknown','unknown','#5066 (Calling "manage.py reset <app>" on an app that has no models causes crash)'
'5067','unknown','unknown','#5067 (Calendar and clock popups are wrongly positioned if within a scrollable div)'
'5068','unknown','unknown','#5068 (Problem on db-api page - partial conversion of author ForeignKey to ManyToMany)'
'5069','anonymous','unknown','["      #5069 (newforms cannot initial SelectDateWidget ''s value)     –     "'
'5070','unknown','unknown','#5070 (newforms: Default arguments for QuerySetIterator)'
'5071','unknown','unknown','["      #5071 (global name ''ugettext'' is not defined in django.core.validators)     –     "'
'5072','unknown','unknown','#5072 ([geodjango] 3D LineString)'
'5073','unknown','unknown','#5073 (Blocktrans makes key lookups fail.)'
'5074','Simon Willison','unknown','#5074 (We need an audio pronunciation guide on the site)'
'5075','Thejaswi Puthraya','unknown','#5075 (Oracle and Unicode Errors)'
'5076','unknown','Cleanup/optimization','#5076 (Request object should try to determine encoding)'
'5077','unknown','unknown','#5077 (django.utils.encoding imports settings but never uses it)'
'5078','anonymous','unknown','#5078 (I followed the 0.96 syndication add-on documentation and it was a 404)'
'5079','unknown','unknown','#5079 (DecimalFields converted to float before being stored)'
'5080','unknown','unknown','["      #5080 (Defaults newforms'' BooleanField to required=False)     –     "'
'5081','unknown','unknown','["      #5081 (Defaults newforms'' BooleanField to required=False)     –     "'
'5082','unknown','unknown','["      #5082 (Management shell completion doesn''t quite work right)     –     "'
'5083','unknown','unknown','#5083 (Typo in newforms documentation)'
'5084','unknown','unknown','#5084 (urls.py not working under apache)'
'5085','unknown','unknown','["      #5085 (Make the default value of slug_field be ''slug'')     –     "'
'5086','unknown','unknown','#5086 (testing on postgres_psycopg2 tries to truncate tsearch2 tables)'
'5087','unknown','unknown','#5087 (Error filtering on TextField when using Oracle backend)'
'5088','unknown','unknown','#5088 (Small typo in the model name for flatpages under the admin interface)'
'5089','anonymous','unknown','#5089 (Wrong Template in vote() in Part 4 of Tutorial)'
'5090','unknown','Uncategorized','#5090 (Url patterns are case-sensitive.)'
'5091','anonymous','unknown','#5091 (misleading example in groups documentation)'
'5092','unknown','unknown','#5092 (FastCGI httpd.conf Example Path)'
'5093','unknown','unknown','#5093 (ForeignKey should have a constraint)'
'5094','apollo13','unknown','#5094 ([newforsm-admin] (Feature Proposal) add something like queryset_related)'
'5095','SmileyChris','unknown','["      #5095 (newforms doesn''t import settings safely enough)     –     "'
'5096','unknown','unknown','#5096 (Doc: Model ref mentions sql-based initial data, should use fixtures)'
'5097','unknown','unknown','#5097 (Various updates and corrections to documentation)'
'5098','unknown','unknown','#5098 (New FAQ question)'
'5099','unknown','unknown','#5099 (Provide the ability to update database to reflect changes in model definitions (i.e., schema evolution))'
'5100','unknown','unknown','#5100 (bad link to 0.96 Syndication documentation)'
'5101','pk11','unknown','#5101 (validate on save)'
'5102','unknown','unknown','#5102 (Allow zero pk inserts in post_syncdb)'
'5103','unknown','unknown','#5103 (QuerySetIterator with default arguments)'
'5104','SmileyChris','unknown','#5104 (CheckboxInput should return False if not found)'
'5105','Ramiro Morales','unknown','#5105 (Small ReST fixes for newforms doc)'
'5106','(removed)','unknown','#5106 (django.db.backend.*.base refactoring)'
'5107','anonymous','unknown','#5107 (Replace Context with RequestContext in django.contrib.syndication.feeds)'
'5108','anonymous','unknown','#5108 (incorrect example url in)'
'5109','unknown','unknown','#5109 (signals.got_request_exception send Request Object)'
'5110','unknown','unknown','#5110 (model-api documentation clarification diff)'
'5111','unknown','unknown','#5111 (eol-style:native for *.py)'
'5112','zodi','unknown','#5112 (Unicode recipients in settings ADMINS and MANAGERS)'
'5113','unknown','unknown','#5113 (Foreign key not created for class "Project")'
'5114','unknown','unknown','#5114 (Capitalized model name causes problem with many to many relation in postgres)'
'5115','unknown','unknown','#5115 (ORM does not support query set subscription with long numbers)'
'5116','unknown','New feature','#5116 (newforms: SelectMultiple widget: disable some entries)'
'5117','guruyaya','unknown','#5117 (Error in the tutorial)'
'5118','anonymous','unknown','#5118 (__unicode__ does not work with latest official release)'
'5119','anonymous','unknown','#5119 (Error in tutorial)'
'5120','olidu','unknown','#5120 (make-messages.py stop working)'
'5121','anonymous','unknown','#5121 (bald link to old docs)'
'5122','unknown','unknown','#5122 ( Custom dbshell prompts)'
'5123','unknown','unknown','#5123 (ImageField.formfield does not pass arguments correctly)'
'5124','unknown','unknown','#5124 ({% block %} inheritance not working after a few levels of {% extends %} (includes minimal demo app))'
'5125','unknown','unknown','#5125 (Add part about comparing values to templates documentation)'
'5126','unknown','unknown','#5126 (Populate `initial_data` of forms from model instance)'
'5127','unknown','unknown','#5127 (Models example index missing)'
'5128','unknown','unknown','#5128 (*.pyc svn:ignore on databrowse)'
'5129','unknown','unknown','#5129 (Form label semicolons in change forms should be localized)'
'5130','unknown','unknown','#5130 (admin/views/auth.py change password is not working)'
'5131','unknown','unknown','#5131 (admin/views/auth.py change password is not working)'
'5132','unknown','unknown','#5132 (admin/views/auth.py change password is not working)'
'5133','jacob','Uncategorized','#5133 (Memcached connections get left open (in certain circumstances).)'
'5134','unknown','unknown','["      #5134 (postgresql backend doesn''t cast empty strings to unicode)     –     "'
'5135','unknown','unknown','#5135 (Unicode-branch merge broke insertion of binary data)'
'5136','unknown','unknown','#5136 (Give BoundField an is_required property)'
'5137','unknown','unknown','#5137 (Updated the "Submitting and maintaining translations" chapter of the contributing.txt document)'
'5138','anonymous','unknown','#5138 (Add __contains__ to HttpRequest to make it more dict-like)'
'5139','unknown','unknown','#5139 (Custom primary_key broken when saving)'
'5140','unknown','unknown','#5140 (url templatetag should raise exception on invalid path)'
'5141','unknown','Uncategorized','#5141 (translation for Croatian)'
'5142','anonymous','unknown','#5142 (http://www.djangoproject.com/documentation/models/ unavailable)'
'5143','unknown','unknown','#5143 (Model examples page missing)'
'5144','unknown','unknown','#5144 ("got an unexpected keyword argument \''max_length\''")'
'5145','unknown','unknown','#5145 (MultiWidget / MultiValueField does not interpret initial data)'
'5146','unknown','unknown','#5146 (Databrowse Error (force_unicode related))'
'5147','unknown','Bug','#5147 (Translation inconsistency for Hungarian language (entry - entries))'
'5148','anonymous','unknown','#5148 (email documentation should mention DEFAULT_FROM_EMAIL setting)'
'5149','unknown','unknown','["      #5149 (make template tag variables that can''t be resolved pass as None)     –     "'
'5150','unknown','unknown','#5150 (Add validation for unique fields in newforms)'
'5151','anonymous','unknown','["      #5151 (Model examples page doesn''t seem to be working)     –     "'
'5152','unknown','unknown','#5152 (Model save() method needs update=False option)'
'5153','unknown','unknown','#5153 (Allow "bypassing" validation in newforms)'
'5154','anonymous','unknown','#5154 (Minor docs wording issue: "latter" is only applicable when there are two choices.)'
'5155','unknown','unknown','#5155 (Recent Actions item content type not translated)'
'5156','dAniel hAhler','unknown','#5156 (Use i18n/_() for all get_text_list occurences)'
'5157','unknown','unknown','#5157 (Direct Apache to serve a static file from view code)'
'5158','unknown','unknown','#5158 (TextArea vs Textarea in newforms.txt)'
'5159','unknown','unknown','["      #5159 (''max_length=200'' should be replaced by ''maxlength=200'' in part 1 of django tutorial)     –     "'
'5160','Esaj','New feature','#5160 (get_FIELD_url should return a valid URL with spaces escaped)'
'5161','unknown','unknown','#5161 (mysql backend repeatedly adds warnings filter)'
'5162','unknown','unknown','#5162 (error in code in documentation)'
'5163','unknown','unknown','#5163 (django.contrib.auth.views.login depends on sites framework)'
'5164','unknown','unknown','#5164 (escaped windows path)'
'5165','unknown','unknown','["      #5165 (HttpResponse''s flush method does not do anything)     –     "'
'5166','unknown','unknown','#5166 (Error in the newforms documentation, in the MultiEmailField code which extends forms.Field)'
'5167','unknown','unknown','#5167 (UnicodeDecodeError in MultiWidget)'
'5168','unknown','unknown','#5168 (svn:ignore is unset in django/contrib/databrowse/plugins)'
'5169','unknown','unknown','#5169 (Error reporting documentation incorrect)'
'5170','unknown','unknown','#5170 (Make FileField a link in Model Reference)'
'5171','unknown','unknown','["      #5171 (postgresql_psycopg2 backend registers psycopg2''s UNICODE extension, which can cause interference if  is not the only component using psycopg2)     –     "'
'5172','SmileyChris','unknown','#5172 (Extend the {% for %} tag to work as a simple loop)'
'5173','unknown','unknown','#5173 (Formsets - Empty form fields display validation errors)'
'5174','unknown','unknown','#5174 (Formsets - is_valid() crashes unbound forms)'
'5175','unknown','unknown','#5175 (Formsets - formset.required_forms not implemented?)'
'5176','Eratothene','unknown','#5176 (Bug in django.utils.cache._generate_cache_key(request, headerlist, key_prefix))'
'5177','unknown','unknown','#5177 (ContentType should purge orphaned models)'
'5178','unknown','unknown','#5178 (Missing import sys in django/core/management/commands/test.py ?)'
'5179','unknown','unknown','#5179 (Broken manage.py startapp)'
'5180','unknown','unknown','#5180 (remaining man pages for installed binaries)'
'5181','unknown','unknown','#5181 (testing.txt: "passwd&secret")'
'5182','unknown','unknown','#5182 (Missing import sys in django/core/management/commands/syncdb.py)'
'5183','unknown','unknown','#5183 (Fix SortedDict deepcopy Error)'
'5184','unknown','unknown','#5184 (in mysite/polls/models.py, manage.py syncdb we get max_lenght gives error but maxlenght woks ok)'
'5185','unknown','unknown','#5185 (manage.py startapp gives stacktrace)'
'5186','unknown','unknown','#5186 (in mysite/polls/models.py  __unicode__() not working)'
'5187','http://daniel.hahler.de/','unknown','#5187 (Minor documentation fixes)'
'5188','ubernostrum','unknown','["      #5188 (archive_index shouldn''t do explicit ordering)     –     "'
'5189','Jakub Wiśniowski','unknown','#5189 (Logout method for TestClient)'
'5190','unknown','unknown','#5190 (FAQ "and how do you pronounce it" is inconsistent)'
'5191','unknown','unknown','#5191 (Handle "None" when type is <type: \''str\''>)'
'5192','unknown','unknown','#5192 (Flatpages should be able to handle more characters (e.g. ~))'
'5193','unknown','unknown','#5193 (TinyMCE problem)'
'5194','anonymous','unknown','#5194 (error in poll models)'
'5195','ubernostrum','unknown','#5195 (Add multiple glaring warnings about doing SVN tutorial with  0.96)'
'5196','anonymous','unknown','#5196 (Error since trunk-merge in newforms-admin @5918)'
'5197','unknown','unknown','#5197 (Spanish Translations by REVs)'
'5198','gwilson','unknown','#5198 (url templatetag documentation has no example for views that take multiple arguments)'
'5199','unknown','unknown','#5199 (FormSet uses incorrect logic for is_bound)'
'5200','Slawek Mikula <slawek(dot)mikula<at>gmail[dot]com>','unknown','#5200 (Polish PL Localflavor)'
'5201','unknown','unknown','["      #5201 (Settings won''t load when inside a directory named settings)     –     "'
'5202','unknown','unknown','["      #5202 (urlize filter before linebreaks doesn''t work correctly)     –     "'
'5203','unknown','unknown','#5203 (Performance improvement for sqlite3 database flush)'
'5204','Ramiro Morales','unknown','#5204 (Inline adding of FK-related model on oldforms admin broken after [5933])'
'5205','unknown','unknown','#5205 (Should be clean_data not cleaned_data)'
'5206','unknown','unknown','#5206 (next / previous object container tags within queryset)'
'5207','unknown','unknown','#5207 (core/management/sql.py still uses backend.get_autoinc_sql())'
'5208','anonymous','unknown','#5208 (mistake in the tutorial example)'
'5209','unknown','unknown','#5209 (FAQ contains link to old, outdated screencast)'
'5210','unknown','unknown','#5210 (syntax error)'
'5211','anonymous','unknown','#5211 ([newforms-admin] Admin media Problem)'
'5212','unknown','unknown','#5212 (Fix to management command for installed apps)'
'5213','unknown','unknown','#5213 ([enhancement] Add an invitation option in authentification user module)'
'5214','unknown','unknown','#5214 (Typos in es_AR)'
'5215','unknown','unknown','#5215 ([patch] Add SVN revision number to  version string)'
'5216','anonymous','unknown','#5216 (Lazy Translation label_tag in new forms)'
'5217','unknown','unknown','#5217 (Settings are unable to be imported if project name is the same as the parent directory)'
'5218','unknown','unknown','#5218 (Problems when user provides field name for primary key in Oracle 10 g)'
'5219','anonymous','unknown','#5219 (Problems using syncdb with Oracle 10g - strange field names and null = false ignored)'
'5220','unknown','unknown','#5220 (Updated Hungarian translation)'
'5221','derelm','unknown','#5221 (typo in testing documentation)'
'5222','unknown','unknown','#5222 (Ability for end users to register commands with management.py.)'
'5223','unknown','unknown','#5223 (Bug on sqlite __year comparison)'
'5224','unknown','unknown','#5224 (Fix loading admin media dir on runserver)'
'5225','anonymous','unknown','#5225 (Add Queries to the debug page)'
'5226','mboersma','unknown','#5226 ("Invalid relational operator" against Oracle 9i backend)'
'5227','unknown','unknown','#5227 (Redirect security check in login code is incomplete)'
'5228','Peter Pluta','unknown','#5228 ( SCGI Setup Link Dead)'
'5229','unknown','unknown','#5229 (django.utils.version.get_svn_revision to work with on any path specified)'
'5230','unknown','unknown','#5230 ([schema-evolution] sqlevolve fails)'
'5231','unknown','unknown','#5231 ([newforms-admin] Bug in Admin Documentation module)'
'5232','unknown','unknown','#5232 (DecimalField max_digits counts negative sign as a digit.)'
'5233','unknown','unknown','#5233 (Getting a "TypeError; __str__ returned non-string (type Topic)" when trying to delete a item)'
'5234','unknown','unknown','#5234 (a)'
'5235','unknown','unknown','#5235 (Error with "manag.py sql polls")'
'5236','unknown','unknown','#5236 (Provide stack trace information in sql debug entries)'
'5237','unknown','unknown','#5237 (Add get_svn_revision path argument)'
'5238','Kevin Menard','unknown','#5238 (Add ability to intialize form fields with model field default values.)'
'5239','unknown','unknown','#5239 ( uses __builtins__, which is guaranteed only in CPython)'
'5240','unknown','unknown','#5240 (error in tutorial)'
'5241','bittor','Bug','#5241 (Response middleware runs too early for streaming responses)'
'5242','unknown','unknown','#5242 (Table name matching fails during syncdb for dbs with case sensitive names.)'
'5243','unknown','unknown','#5243 ({% load %} does not load template tags inside sub-directories)'
'5244','anonymous','unknown','#5244 (test)'
'5245','unknown','unknown','["      #5245 (manager runserver don''t reload after fixing error)     –     "'
'5246','unknown','unknown','#5246 (MS SQL Server backend using pyodbc.)'
'5247','unknown','unknown','["      #5247 (ModelMultipleChoiceField doesn''t select initial choices)     –     "'
'5248','unknown','unknown','#5248 (Add mail_options to SMTPConnection)'
'5249','unknown','unknown','#5249 (Posting a FreeComment from an IPv6 address bypasses IPAddressField validation)'
'5250','Florian Aolloner','unknown','#5250 ([newforms-admin] Missing translation for "Delete?")'
'5251','Florian Apolloner','unknown','#5251 ([newforms-admin] "Show in Web" links not working)'
'5252','anonymous','unknown','#5252 (unexpected keyword argument max_length)'
'5253','unknown','New feature','#5253 (serializer for csv format for loaddata and dumpdata)'
'5254','unknown','unknown','#5254 (Tutorial correction)'
'5255','unknown','unknown','#5255 (DATABASE_ENGINE error when starting new site)'
'5256','unknown','unknown','#5256 (Python Super and Inheritance is incorrectly written)'
'5257','unknown','unknown','#5257 (Typo in tutorial01 added in [6006])'
'5258','unknown','unknown','#5258 (SlugField not getting an index if attribute of unique=True also set)'
'5259','unknown','unknown','["      #5259 (Tutorial part 1 correction: change ''max_length'' to ''maxlength'')     –     "'
'5260','pytechd','unknown','#5260 (Send cookies with e-mail from SEND_BROKEN_LINK_EMAILS)'
'5261','unknown','unknown','#5261 (exclude on an empty Q object results in invalid SQL)'
'5262','anonymous','unknown','#5262 (whore)'
'5263','unknown','unknown','#5263 (SQLite module docstring needs updating)'
'5264','akaihola','unknown','#5264 (Specify required Flup version in documentation)'
'5265','unknown','unknown','["      #5265 (translations subsystem doesn''t capitalize correctly (for turkish?))     –     "'
'5266','julian','unknown','#5266 (for k in request.session gives me a key error)'
'5267','unknown','unknown','["      #5267 (document that order_by(''?'') is a huge performance issue)     –     "'
'5268','unknown','unknown','#5268 (Remove Python specific types from YAML output (use safe_dump?))'
'5269','unknown','unknown','#5269 (Updated Japanese(ja) translation)'
'5270','stephen ','unknown','["      #5270 (Template tags won''t accept an empty string as an argument)     –     "'
'5271','Pesh Alto','unknown','#5271 (manage.py validate no longer accepts application name as an argument)'
'5272','unknown','unknown','#5272 (Password reset form resets passwords for all users sharing an email address)'
'5273','unknown','unknown','["      #5273 (''None'' value doesn''t show up in related field filter)     –     "'
'5274','unknown','unknown','#5274 (Cambodia language (Khmer) translation for )'
'5275','ubernostrum','unknown','#5275 (Document QuerySet.iterator)'
'5276','unknown','unknown','#5276 (change filenames of uploaded files)'
'5277','unknown','unknown','#5277 ([patch] use URL reversing instead of hardcoded URLs in comment templates)'
'5278','unknown','unknown','#5278 (Cambodia language (Khmer) translation for )'
'5279','unknown','unknown','#5279 (Cambodia language (Khmer) translation for )'
'5280','unknown','unknown','#5280 (modpython doc: typo in python path ?)'
'5281','unknown','unknown','#5281 (Non unicode GET-data is not allowed?)'
'5282','unknown','unknown','#5282 (Turkish djangojs.po missing two strings (Show/Hide))'
'5283','unknown','unknown','#5283 (decoupling example can be extended further)'
'5284','unknown','unknown','#5284 (never_cache decorator is not documented)'
'5285','anonymous','unknown','#5285 (Save and add another only for users with add permissions)'
'5286','unknown','unknown','#5286 (Non-HTML output in python manage.py adminindex <appname>)'
'5287','unknown','unknown','#5287 (i18n marking breaks choices in admin on being marked for translation)'
'5288','Mark Van den Borre','unknown','#5288 ((tiny) .96 documentation contains .95 reference)'
'5289','unknown','unknown','["      #5289 ([schema-evolution] global name ''set'' is not defined)     –     "'
'5290','unknown','unknown','["      #5290 (memcache doesn''t support unicode cache-keys)     –     "'
'5291','unknown','unknown','#5291 (Error in newforms docu about BooleanField Validation and required)'
'5292','unknown','unknown','#5292 (CsrfMiddleware does not protect from forged POST request with no data)'
'5293','unknown','unknown','#5293 (adding sql functions to order_by clause handling)'
'5294','jonklo','unknown','#5294 (Updated Norwegian language files)'
'5295','unknown','unknown','#5295 (Inner Join and order_by bug)'
'5296','unknown','unknown','#5296 ([patch] Additions to TestCase for easy view testing)'
'5297','jdunck','unknown','#5297 (Backwards incompatibility introduced in [5091]: obj.has_key(x) -> x in obj)'
'5298','unknown','unknown','#5298 (The extra_context keyword argument should be available in the auth app views)'
'5299','jdunck','unknown','#5299 (mod_python documentation issues)'
'5300','anonymous','unknown','#5300 (The last url pattern in Tutorial 4 should be object_id not poll_id)'
'5301','unknown','unknown','#5301 (blocktrans fails with %)'
'5302','unknown','unknown','#5302 (unique and editinline bug)'
'5303','anonymous','unknown','["      #5303 (PythonImport (for handling eggs) can''t be placed inside VirtualHost or Location)     –     "'
'5304','unknown','unknown','#5304 (timezone aware datetime causes error when saving on mysql)'
'5305','unknown','unknown','#5305 (how to avoid resetting whole app after adding a new field to a model?)'
'5306','danielrubio','unknown','#5306 (ImageField upload_to - New Web Forms)'
'5307','Thomas Stromberg','unknown','#5307 (django should make files created by startproject/startapp writeable)'
'5308','webjunkie','unknown','#5308 ([Patch] Redirect from pages that need login and have Unicode URL causes error)'
'5309','unknown','unknown','#5309 ([Patch] Marking instances as db-stored via is_stored)'
'5310','unknown','unknown','#5310 (sync database between two processes dynamically)'
'5311','unknown','unknown','#5311 (Validation of erroneous data model breaks with AttributeError instead of a useful message (like it used to))'
'5312','anonymous','unknown','#5312 (URLField does not validate .it URLs)'
'5313','unknown','unknown','#5313 (GZipMiddleware should compress javascript)'
'5314','unknown','unknown','#5314 (django.models.Manager.get and get_or_create Do Not Work With Null Fields)'
'5315','unknown','unknown','#5315 (imagefile and not long path)'
'5316','unknown','unknown','["      #5316 (newforms issue form_for_model() got an unexpected keyword argument ''fields'')     –     "'
'5317','unknown','unknown','["      #5317 (__builtins__ isn''t available in Jython)     –     "'
'5318','unknown','unknown','#5318 (Mistaken Italian province name)'
'5319','unknown','unknown','#5319 (Java is another special case for terminal colors)'
'5320','julian','unknown','["      #5320 (request.path doesn''t work properly under fastcgi)     –     "'
'5321','SmileyChris','unknown','#5321 (PostgreSQL fails on a ValuesQuerySet which is ordered by a field not in the fields list)'
'5322','unknown','unknown','#5322 (Casting string to DateTime object does not check for existence of strftime.)'
'5323','anonymous','unknown','#5323 (Small bug in tutorial)'
'5324','unknown','unknown','#5324 (queryset exclude fails across a many-to-many list)'
'5325','unknown','unknown','#5325 (max_length should be maxlength)'
'5326','unknown','unknown','#5326 (Patсh for Ukrainian support to Javascript slug creation)'
'5327','danielrubio','unknown','#5327 (ModelChoiceField and ChoiceField clean methods behave differently)'
'5328','Ramiro Morales','unknown','#5328 (Small ChoiceField.clean() fix)'
'5329','danielrubio','unknown','#5329 (URLField initial value, fails on validation)'
'5330','gwilson','unknown','#5330 (test_client_regress LoginTests fail if run by itself)'
'5331','SmileyChris','unknown','#5331 (URLField should add http:// if no scheme given)'
'5332','unknown','unknown','["      #5332 (Admin doesn''t handle unique key conflicts on inline models cleanly)     –     "'
'5333','gwilson','unknown','["      #5333 (add an assertContext method to ''s TestCase)     –     "'
'5334','unknown','unknown','#5334 (Installation instructions for FreeBSD)'
'5335','unknown','New feature','#5335 (Add an append method to ErrorDict)'
'5336','unknown','unknown','#5336 (Docs: FastCGI add example of maxrequests=1)'
'5337','Amit Ramon','unknown','#5337 (Some corrections to the Hebrew translation)'
'5338','unknown','unknown','#5338 (User __unicode__ return value of get_full_name())'
'5339','anonymous','unknown','#5339 (Note to long for layout on main tutorial page 1)'
'5340','unknown','unknown','#5340 (request for new link in docs)'
'5341','unknown','unknown','#5341 (Clarify DB API docs about params in extra())'
'5342','gwilson','unknown','#5342 (EmailField dbfield should accept max_length parameter)'
'5343','unknown','unknown','#5343 (Settings module passed through the command line (using --settings) is being ignored)'
'5344','anonymous','unknown','["      #5344 (template loading doesn''t work for extends (eg admin/base.html) [& tutorial needs updating?])     –     "'
'5345','unknown','unknown','#5345 (Bulk Transfer to Database)'
'5346','unknown','unknown','#5346 (Typos in the model-api documentation)'
'5347','unknown','unknown','#5347 (django does not look in the project-dir for a locale directory)'
'5348','Radim Ahmed Kolar','unknown','#5348 (Add djangoproject to freshmeat.net directory)'
'5349','anonymous','Cleanup/optimization','["      #5349 (Shouldn''t the item_enclosure_url automatically prefixed with the current site?)     –     "'
'5350','unknown','Uncategorized','["      #5350 (urlresolvers: Fallback, if urls.py don''t have handle404 and friends)     –     "'
'5351','anonymous','unknown','#5351 ([gis] orderfield2column referenced but not imported in query.py)'
'5352','unknown','unknown','["      #5352 (queryset doesn''t honor slicing limits)     –     "'
'5353','jkocherhans','unknown','#5353 (FormSet validation hook(s))'
'5354','akaihola','unknown','#5354 (django imports minidom (which imports pyexpat) causing a modpython segfault on certain setups)'
'5355','unknown','unknown','#5355 (DecimalField may "clean" itself and then raise an Exception)'
'5356','unknown','unknown','#5356 (FloatField still remains in the documentation)'
'5357','unknown','unknown','#5357 (Documentation should include page argument of object_list)'
'5358','akaihola','unknown','#5358 ([newforms-admin] django.newforms.models.inline_formset does not do anything with fk_name arg)'
'5359','walshmj','unknown','#5359 (trailing slash missing in documentation)'
'5360','jshaffer','unknown','#5360 (Typo on /accounts/register/)'
'5361','unknown','unknown','#5361 (Support pluggable backends for FileField)'
'5362','unknown','unknown','#5362 (markup test with docutils failed)'
'5363','sethtrain','unknown','#5363 (Fix markup test failure on line 63)'
'5364','anonymous','unknown','#5364 (Point to save(commit=False) in the "subset of fields" note)'
'5365','unknown','unknown','["      #5365 (sqlite3+DateField: field__year doesn''t work.)     –     "'
'5366','unknown','unknown','#5366 (sequence_reset_sql table name quoting problem (PostgreSQL backend))'
'5367','unknown','unknown','#5367 (sqlite3+ManyToManyField: unable to link to 1000 (or more) objects.)'
'5368','unknown','unknown','#5368 (allow .(dot) in slug fields)'
'5369','unknown','unknown','#5369 (Allow commands to register their own options (and refactor help to reflect this))'
'5370','ubernostrum','unknown','#5370 (newforms.ValidationError cannot accept a message created by ugettext_lazy)'
'5371','anonymous','unknown','#5371 (databrowse fails when table contains non-ascii data)'
'5372','anonymous','Cleanup/optimization','#5372 (Cache inline ForeignKey options)'
'5373','unknown','Bug','#5373 (Field label for a ForeignKey not translated)'
'5374','jkocherhans','unknown','#5374 (We need a validator for ModelAdmin classes)'
'5375','unknown','unknown','["      #5375 (django-admin.py dumpdata fails because it doesn''t inherit options_list from BaseCommand)     –     "'
'5376','toddobryan','unknown','#5376 (Add --addrport option to testserver command)'
'5377','anonymous','unknown','#5377 (LED显示屏、全彩色LED电子显示屏专业制造商  百润慧通 13911588988)'
'5378','anonymous','unknown','#5378 (LED显示屏、全彩色LED电子显示屏专业制造商  百润慧通 13911588988)'
'5379','anonymous','unknown','#5379 (LED显示屏、全彩色LED电子显示屏专业制造商  百润慧通 13911588988)'
'5380','anonymous','unknown','#5380 (LED显示屏、全彩色LED电子显示屏专业制造商  百润慧通 13911588988)'
'5381','anonymous','unknown','#5381 (LED显示屏、全彩色LED电子显示屏专业制造商  百润慧通 13911588988)'
'5382','unknown','unknown','#5382 (create_update.delete_object always needs a confirmation page)'
'5383','unknown','unknown','#5383 ([newforms-admin] - InlineModelAdmin.formset_class is used but not set.)'
'5384','unknown','unknown','#5384 ([newforms-admin] - html bug in edit_inline_tabular.html)'
'5385','unknown','unknown','#5385 ([newforms-admin] - inconsistency in admin date fields from javascript)'
'5386','unknown','unknown','#5386 (content type for newforms.UploadedFile)'
'5387','unknown','unknown','#5387 (method Form.is_multipart)'
'5388','unknown','unknown','#5388 ([newforms-admin] - validation is broken for sites with more than one inline formsets)'
'5389','unknown','unknown','#5389 (ImportError in daily_cleanup.py after [6087] changeset)'
'5390','unknown','Uncategorized','#5390 (Add signals to ManyRelatedManager)'
'5391','unknown','unknown','#5391 (date_hierarchy breaks for date objects of January 1st)'
'5392','unknown','unknown','#5392 ([newforms-admin] - hooks for template names)'
'5393','unknown','unknown','Error: Invalid ticket number'
'5394','unknown','unknown','#5394 (REDIRECT_FIELD_NAME should be configurable)'
'5395','unknown','unknown','#5395 (Error in settings.py, line 26-28)'
'5396','Danilo','unknown','#5396 (Filter "urlizetrunc" does not truncize email adresses)'
'5397','unknown','unknown','#5397 (Typo in example for newforms -- overriding the default field types)'
'5398','unknown','unknown','#5398 (Making redirects work properly in views for "include"d URLconfs)'
'5399','unknown','unknown','#5399 (Error in test suite, modeltests.fixtures.models.__test__.API_TESTS)'
'5400','unknown','unknown','#5400 (Autoreload is not working in newforms-admin trunk with python2.4)'
'5401','unknown','unknown','["      #5401 ([newforms-admin] - make-messages.py does''nt work for django)     –     "'
'5402','unknown','unknown','#5402 ([newforms-admin] - UserAdmin should have fieldsets attribute)'
'5403','unknown','unknown','#5403 (Dutch localflavor)'
'5404','unknown','unknown','#5404 (0.95 tutorials next/prev links redirect to latest version)'
'5405','mattmcc','New feature','#5405 (Support restructured text in model docstrings)'
'5406','Andrew Shearer','unknown','#5406 (Spelling error)'
'5407','jkocherhans','unknown','#5407 (raw_id ForeignKey field behaves like a ManyToManyField)'
'5408','unknown','unknown','#5408 (Url tag first argument should be able to be a context variable)'
'5409','unknown','unknown','#5409 (Logic error in the db-api documentation)'
'5410','bos','unknown','#5410 (RequestSite needs __unicode__ method)'
'5411','bos','unknown','#5411 (Atom feeds have fixed title and summary content types)'
'5412','unknown','unknown','#5412 (Add actions to models in admin interface)'
'5413','unknown','unknown','#5413 (prepopulate_from strange behavior)'
'5414','unknown','unknown','#5414 (urlopen from within  with url to same server fails)'
'5415','adrian','unknown','#5415 (Every SQL query should send a signal)'
'5416','adrian','unknown','#5416 (Add assertNumQueries() to testing framework)'
'5417','adrian','unknown','#5417 (Add a way to update multiple records at once)'
'5418','adrian','New feature','#5418 (Add assertNoBrokenLinks() to test system)'
'5419','adrian','New feature','#5419 (Add a model fuzz testing method to the test framework)'
'5420','adrian','unknown','#5420 (Allow database API users to specify the fields to exclude in a SELECT statement)'
'5421','adrian','unknown','#5421 (Add "db_select" hooks for database Fields)'
'5422','unknown','unknown','#5422 (Passing raw flag as an additional parameter to post_save & pre_save signals)'
'5423','adrian','New feature','#5423 ("dumpdata" should stream output one row at a time)'
'5424','unknown','unknown','#5424 ([newforms-admin] - rename custom filter tag)'
'5425','unknown','unknown','#5425 (Incorrect plurals in admin pagination template)'
'5426','unknown','unknown','#5426 ([newforms-admin] - uncapfirst tag and utility function)'
'5427','mcroydon','unknown','#5427 ([newforms-admin] Invalid prepopulate_from test in invalid models test)'
'5428','anonymous','unknown','#5428 ([enhancement] search field in (main) web page (not in trac))'
'5429','akaihola','unknown','#5429 (minor fix to Finnish translation)'
'5430','akaihola','unknown','["      #5430 (incomplete docs for running ''s own unit tests)     –     "'
'5431','ramiro','unknown','#5431 (Argentinean localflavor)'
'5432','SmileyChris','unknown','#5432 (Document django.contrib.formtools)'
'5433','rcoup','unknown','#5433 (Make GDAL an optional requirement)'
'5434','rcoup','unknown','#5434 (Add preserve_topology option to GEOSGeometry.simplify)'
'5435','rcoup','unknown','#5435 (Remove requirement for a db user to be set for GeoDB creation)'
'5436','rcoup','unknown','#5436 (Fix GIS test runner under python2.4)'
'5437','rcoup','Bug','#5437 (Make GDAL optional for GIS test runner)'
'5438','rcoup','unknown','#5438 (GeometryProxy: evaluate empty string to None)'
'5439','unknown','unknown','#5439 (error in trac while creating ticket)'
'5440','rcoup','unknown','#5440 (GEOSGeometry: Add WKB support)'
'5441','adrian','unknown','#5441 (Add unit tests for django.contrib.formtools)'
'5442','unknown','unknown','#5442 (Workaround for jython isclass() bug)'
'5443','unknown','unknown','#5443 (Jython has no os.access (nor os.chmod))'
'5444','unknown','unknown','#5444 (manipulators.py: Dynamically created classes should be types)'
'5445','unknown','unknown','["      #5445 (Checking iterables by looking for a __iter__ attribute doesn''t work on Jython)     –     "'
'5446','unknown','New feature','#5446 (New model fields for languages and countries at least)'
'5447','anonymous','unknown','#5447 (has_{add,change,delete}_permission not working correctly)'
'5448','pigletto','unknown','["      #5448 (Primary key can''t be string with unicode characters)     –     "'
'5449','anonymous','unknown','#5449 ([patch] Documentation should mention that the JavaScript calendar widget starts the week on a Sunday)'
'5450','unknown','Cleanup/optimization','#5450 (save_m2m should raise an exception for unsaved models)'
'5451','garcia_marc','unknown','#5451 (Catalan translation updated)'
'5452','garcia_marc','unknown','#5452 (Spanish translation updated)'
'5453','mcroydon','unknown','#5453 (Test database used in runtests.py does not match documented behavior)'
'5454','unknown','unknown','#5454 (Using a user-built DB backend)'
'5455','akaihola','unknown','#5455 (missing double-backticks and apostrophes in settings docs)'
'5456','unknown','unknown','#5456 (Add an Irish translation)'
'5457','Florian Apolloner','unknown','#5457 (Move permissions checking to auth backend)'
'5458','unknown','unknown','#5458 (Xml serializer - easier manipulation from Adobe Flex)'
'5459','unknown','unknown','#5459 (newforms-admin ModelAdmin ignores the js attribute)'
'5460','deryck','unknown','#5460 (unique_together should accept a single tuple for convenience)'
'5461','adrian','unknown','#5461 (Give database backends a "creation" attribute instead of using get_creation_module())'
'5462','xbito','unknown','#5462 (Add PE (Peruvian) localflavor)'
'5463','unknown','unknown','#5463 (make-messages.py process only .html (not .tpl etc))'
'5464','ramiro','unknown','#5464 (Small newforms doc typo)'
'5465','jezdez','unknown','#5465 (Summer of Code 2007: Reusable  applications)'
'5466','unknown','unknown','#5466 (ForeignKeys with to_field fail to initialize in PostgreSQL)'
'5467','jacob','unknown','#5467 (Update localflavors to use the generic localflavor DateField from [6208])'
'5468','durdinator','unknown','#5468 ([patch] direct_to_template uses literal dict in keyword arg)'
'5469','msaelices','unknown','#5469 (Document difference in cleaning between initial and data parameter when using dynamic initial parameters)'
'5470','Paul Lanier','unknown','#5470 ("Z" in dateformat does not work for negative utc offsets)'
'5471','unknown','unknown','#5471 (BooleanField fails to work when processing data from as_hidden)'
'5472','p','New feature','#5472 (Implement Individual Map Widgets for Geometry Fields)'
'5473','akaihola','unknown','#5473 (Finnish translation strings need updating)'
'5474','adrian','unknown','#5474 (docs/shortcuts.txt needs improvement)'
'5475','__hawkeye__','unknown','#5475 ([patch] Luhn algorithm implementation should be added to )'
'5476','unknown','Uncategorized','#5476 (Image thumbnails on image fields in the admin)'
'5477','unknown','unknown','#5477 (Template doc page missing an important link)'
'5478','racter','unknown','["      #5478 (webdesign templatetag ''lorem'' can''t find TemplateSyntaxError)     –     "'
'5479','PhiR','unknown','#5479 (changes to accommodate HTTPResponse.headers move to _headers)'
'5480','nickefford','unknown','#5480 (Mismatched numbering of model examples)'
'5481','rcoup','unknown','#5481 (ChoiceField/ModelChoiceField always returns strings, regardless of type in choices)'
'5482','nickefford','unknown','#5482 (reST error in generic views docs)'
'5483','ubernostrum','unknown','#5483 (Remove `load_and_render`)'
'5484','xian','unknown','#5484 (render_to_string is undocumented)'
'5485','emperorcezar','unknown','#5485 (Changing repetitive uploaded files from underscores to numbers)'
'5486','unknown','unknown','#5486 (Jython has no os.getpid)'
'5487','unknown','unknown','#5487 (object.__new__(method_descriptor) is not safe, use method_descriptor.__new__())'
'5488','jdetaeye','unknown','["      #5488 (newforms-admin: inline fields with multiple fk''s between models doesn''t work)     –     "'
'5489','msaelices','unknown','#5489 (Changes on set_language generic view from i18n not reflected in docs)'
'5490','jdetaeye','unknown','#5490 (newforms-admin: Admin pages insufficiently escape special characters in primary keys links)'
'5491','ramiro','unknown','#5491 (Make make-messages.py sort filenames when processing files)'
'5492','msaelices','unknown','#5492 (Typo error in docs/i18n.txt)'
'5493','msaelices','New feature','#5493 (make-messages.py not parses JS *.html templates for domain djangojs)'
'5494','anonymous','unknown','#5494 (javascript_catalog generic view only search catalogs in application/locale and not in project/locale)'
'5495','Axis_of_Entropy','unknown','#5495 (docs/i18n.txt Organization, spelling, grammar)'
'5496','msaelices','unknown','["      #5496 (It''s needed a test directory for testing own django views (generic views, i18n views, etc.))     –     "'
'5497','baumer1122','Bug','#5497 (OneToOneField limit_choices_to filters parent set in admin)'
'5498','jbronn','unknown','#5498 (Geo not compatible with PostGIS 1.1.0)'
'5499','unknown','unknown','#5499 (INTERSECT Query in DB-API)'
'5500','jkocherhans','unknown','#5500 (Add an adminindex templatetag)'
'5501','brosner','unknown','#5501 (r6333 broken python 2.4 compatibility)'
'5502','anonymous','unknown','["      #5502 (Removing the automatic colon from newforms''  _html_output)     –     "'
'5503','unknown','unknown','#5503 (Email - Sending multiple content types.)'
'5504','jshaffer','unknown','#5504 (Backwards-incompatible change introduced by [6289])'
'5505','danlarkin','unknown','#5505 (Self-Referential ForeignKeys broken using newforms form_for_instance with a formfield_callback)'
'5506','robh','unknown','#5506 (Add some tests for Generic views)'
'5507','dougn','unknown','#5507 (File bases session backend failing on Win32)'
'5508','anonymous','unknown','#5508 (broken page in doc)'
'5509','unknown','unknown','["      #5509 (Allows {{{''''}}} as a valid value (in Blank=True fields))     –     "'
'5510','anonymous','unknown','#5510 (testing)'
'5511','msaelices','unknown','#5511 (Some tests don\''t are "unicodized")'
'5512','unknown','unknown','#5512 (DB docs should mention the ImmutableSet issue for MySQLdb)'
'5513','msaelices','unknown','#5513 (Last session refactoring vastly down  performance)'
'5514','PhiR','unknown','#5514 (Consistency issue when using ForeignKeys)'
'5515','unknown','unknown','#5515 (Custom Permission Denied Pages)'
'5516','toddobryan','unknown','#5516 (Allow apps to provide their own commands)'
'5517','unknown','unknown','#5517 ([newforms-admin] allow defining media on base forms)'
'5518','unknown','Cleanup/optimization','#5518 (Capitalized verbose names for models)'
'5519','unknown','unknown','#5519 (Capitalized names for czech language)'
'5520','unknown','unknown','#5520 ([newforms-admin] - support for save_as)'
'5521','anonymous','unknown','#5521 (repetitions in admin templates)'
'5522','jezdez','unknown','#5522 (Move commands daily_cleanup, make-messages and compile-messages to django.core.management.commands)'
'5523','DavidReynolds','unknown','#5523 (Adding uk counties list to localflavor for uk)'
'5524','__hawkeye__','Bug','#5524 (Cleaned form data should not be deleted if other data is invalid.)'
'5525','unknown','unknown','#5525 (typo in docs: request_response)'
'5526','janr','unknown','#5526 (Localized Date/DateTime fields proposal)'
'5527','unknown','unknown','Error: Invalid ticket number'
'5528','unknown','unknown','#5528 (Main Code Link Broker)'
'5529','m3hrad','unknown','#5529 (None)'
'5530','anonymous','unknown','#5530 (ImportError: No module named mysql.base)'
'5531','anonymous','unknown','["      #5531 (properly report when the mysqldb python package doesn''t meet the version requirements)     –     "'
'5532','unknown','unknown','["      #5532 (Adding user via admin site doesn''t work if TEMPLATE_STRING_IF_INVALID is defined)     –     "'
'5533','dcramer','unknown','#5533 (allow create to pass foreignkey_id)'
'5534','anonymous','unknown','#5534 (stand-alone python script: no documentation avaliable)'
'5535','dcramer','New feature','#5535 (.get() should allow myforeignkey_id lookups)'
'5536','unknown','unknown','#5536 ("different than" is poor English)'
'5537','dcramer','unknown','#5537 (Remove Reverse Lookups on ForeignKeys/ManyToMany)'
'5538','russellm','unknown','["      #5538 (assertRedirects should assume http://testserver if it isn''t provided)     –     "'
'5539','anonymous','unknown','#5539 (Minor Capitalization Error in Tutorial)'
'5540','unknown','unknown','#5540 (better repr of MulitValueDict for subclasses)'
'5541','unknown','unknown','#5541 (djangoproject.org not reachable)'
'5542','unknown','unknown','#5542 (after update to unicode, search_fields in admin on foreignkey fields do not work)'
'5543','unknown','unknown','#5543 (cursor.callproc with oracle backend does not work)'
'5544','unknown','unknown','["      #5544 (django.contrib.sessions.engines.db isn''t exist)     –     "'
'5545','lukas einfachkaffee de','unknown','#5545 (Changeset 6342 broke newforms-admin change/add functionality)'
'5546','unknown','unknown','#5546 (Split newforms tests)'
'5547','brosner','unknown','["      #5547 ([newforms-admin] DateTimeField won''t honor default value)     –     "'
'5548','unknown','unknown','#5548 (os.getpid() workaround for jython missing on the recent session refactoring)'
'5549','adrian','unknown','#5549 (Remove duplicate code in SessionBase, SessionManager and Session)'
'5550','anonymous','unknown','#5550 (write docs about the 404.html & 500.html files.)'
'5551','anonymous','unknown','#5551 (Minor Image Error in Tutorial)'
'5552','unknown','unknown','["      #5552 (manage.py syncdb will fail silently when `DATABASE_NAME'' is empty with sqlite3)     –     "'
'5553','pigletto','unknown','#5553 (JSON serializer imporperly serializes: datetime.datetime, datetime.time, float)'
'5554','Jan Oberst','unknown','#5554 (Small update to German translation)'
'5555','unknown','unknown','#5555 ( fails to do .dates query on sqlite)'
'5556','jleedev','unknown','#5556 (Typo in settings documentation)'
'5557','unknown','unknown','#5557 (The cache_page decorator fails on urls containing spaces)'
'5558','unknown','unknown','#5558 (istartswith lookup fails with ORACLE in r6393)'
'5559','jkocherhans','unknown','#5559 (instances attached to a post_delete signal have a pk value of None)'
'5560','unknown','unknown','["      #5560 (unicode lazy strings don''t work on Jython)     –     "'
'5561','ramiro','unknown','#5561 (Link to new contenttypes docs is missing)'
'5562','unknown','unknown','["      #5562 (delete_cookie function in HttpResponse should set ''expires'' to a time string, not 0)     –     "'
'5563','unknown','unknown','#5563 (BooleanField should raise an error if null=True)'
'5564','unknown','unknown','#5564 (Error using startapp with SVN version of )'
'5565','gkelly','unknown','#5565 (docs/db-api markup error)'
'5566','unknown','unknown','#5566 (Problem running django svn trunk (rev 6403): "NameError: global name \''subcommand\'' not defined")'
'5567','ChrisH','unknown','#5567 (Add a "last" template filter)'
'5568','p','New feature','#5568 (DROP INDEX subcommand)'
'5569','unknown','unknown','#5569 (BUG: "python manage.py syncdb" while running tutorial crashes)'
'5570','msaelices','unknown','#5570 (Improve performance of generic relations)'
'5571','mir','unknown','#5571 (commits should require that the testsuite succeeds)'
'5572','anonymous','unknown','["      #5572 (Can''t have empty fixture file with Auto Increment Field in Model)     –     "'
'5573','unknown','unknown','#5573 ("save" override does not work when model uses edit_inline)'
'5574','unknown','unknown','#5574 (FileField not properly serializing to XML)'
'5575','unknown','unknown','#5575 (ILIKE not supported by MySQL)'
'5576','unknown','unknown','#5576 ( from subdirectorys with FCGI)'
'5577','unknown','unknown','#5577 (description incomplete in http://www.djangoproject.com/documentation/0.96/tutorial04/)'
'5578','unknown','unknown','["      #5578 (Can''t import fixtures generated using mysql into postgresql)     –     "'
'5579','tback','Bug','["      #5579 (Trac activation mail is sent from ''webmaster@localhost'')     –     "'
'5580','anonymous','unknown','#5580 (Installation documentation suggests that symlinks are impossible in Windows)'
'5581','unknown','unknown','#5581 (allow translation of javascript in any folder of the project)'
'5582','unknown','unknown','#5582 (Default manager and model init methods should allow raw field name arguments for foreign keys)'
'5583','unknown','unknown','#5583 (admin crashes on edit form pages since r6342)'
'5584','unknown','unknown','#5584 (unknown encoding cp0 when encountering a print command)'
'5585','unknown','unknown','#5585 (Default manager methods should allow _id style arguments for foreign keys)'
'5586','unknown','Uncategorized','#5586 (Comments are not allowed in json fixtures)'
'5587','anonymous','unknown','#5587 (Sorting by ForeignKey)'
'5588','unknown','unknown','#5588 (wildcard import in urls.py is actually required)'
'5589','unknown','unknown','#5589 (Memcache backend should allow retrieval of stored binary objects)'
'5590','jdunck','unknown','#5590 (JSON encoding fails on Promise (result of gettext_lazy))'
'5591','unknown','unknown','#5591 (i18n documentation: Incorrect statement about template variables in {% trans %})'
'5592','unknown','unknown','["      #5592 (HttpResponseRedirect dosen''t work anymore with Squid Reverse Proxy)     –     "'
'5593','unknown','unknown','#5593 (Missing DB sessions create a new session for every request)'
'5594','jkocherhans','unknown','["      #5594 (The url tag won''t work with multiple admin sites)     –     "'
'5595','gwilson','unknown','#5595 (ModPythonRequest __repr__ is attempting to return a unicode object)'
'5596','anonymous','unknown','#5596 ("No buffer space available" error when downloading file)'
'5597','unknown','unknown','["      #5597 (manager.py doesn''t accept --noreload option)     –     "'
'5598','gav','unknown','#5598 ( contrib sessions module missing imports (os, time), causes error on new session)'
'5599','baumer1122','Uncategorized','#5599 (Cannot save value via OneToOneField)'
'5600','petrilli','unknown','#5600 (Patch to enhance cryptography on django.contrib.auth)'
'5601','simeon','unknown','#5601 (The Coding Style section in Contributing Docs should mention PEP8 checkers)'
'5602','moe','unknown','#5602 ([patch] make language_cookie_name customizable)'
'5603','moe','unknown','#5603 ([patch] make language_cookie_name customizable)'
'5604','ramiro','unknown','#5604 (Access over HTTPS broken when using WSGI)'
'5605','unknown','unknown','#5605 (Username email address part is case sensitive)'
'5606','unknown','unknown','#5606 (urlize filter should recognize only the characters which URL RFC specifies.)'
'5607','jezdez','unknown','#5607 (Add fragment support to permalink decorator)'
'5608','unknown','unknown','#5608 (Allow loading test data fixtures before running tests)'
'5609','anonymous','unknown','#5609 (newforms-admin: input fields do not regard field class)'
'5610','DavidReynolds','unknown','#5610 (Useful for dumpdata to be able to use a specific model)'
'5611','paulegan','Cleanup/optimization','#5611 (HTTPRequest should check content-type before parsing post body)'
'5612','pterk','unknown','#5612 (Signals for login / logout)'
'5613','anonymous','unknown','#5613 (dict objects are unhashable)'
'5614','unknown','unknown','#5614 (Add createsuperuser management command to auth)'
'5615','unknown','unknown','#5615 (Typo in email docs: "to" field should be a list)'
'5616','anonymous','unknown','#5616 (Writing your first  app, part 4)'
'5617','unknown','New feature','#5617 (Default server_error view should render with RequestContext)'
'5618','unknown','unknown','#5618 (Install Docs - Development Version on Windows -Trunk issue?)'
'5619','unknown','Bug','#5619 (FileField and ImageField return the wrong path/url before calling save_FOO_file())'
'5620','anonymous','unknown','#5620 (XMLField not working)'
'5621','anonymous','unknown','#5621 (Emtpy ForeignKey fields shown as "(None)")'
'5622','anonymous','Bug','#5622 (Empty ipaddress raises an error (invalid input syntax for type inet: ""))'
'5623','unknown','unknown','#5623 (I18n seems not to work with mod_wsgi)'
'5624','unknown','unknown','#5624 (Add mechanism for associating fixtures with doctests)'
'5625','unknown','Bug','["      #5625 (Custom admin views get wrong ''Home'' breadcrumb url)     –     "'
'5626','unknown','unknown','#5626 (Mac OS X permissions command could be more succinct.)'
'5627','mboersma','unknown','#5627 (docs/databases.txt should mention Oracle caveats)'
'5628','brosner','unknown','#5628 ([newforms-admin] - when an inline formset has errors, no message is displayed at the top of the form)'
'5629','rcoup','unknown','#5629 (Missing import in gis query)'
'5630','rcoup','unknown','["      #5630 (Can''t initialise empty geometries)     –     "'
'5631','anonymous','unknown','["      #5631 (newforms-admin: ''classes'': ''collapse'' does not work (in one case))     –     "'
'5632','unknown','unknown','#5632 (Problems with DB objects on a multithreaded scenario)'
'5633','anonymous','unknown','#5633 (Max OS X permissions)'
'5634','unknown','unknown','#5634 (Queryset in newform: form_for_model())'
'5635','unknown','unknown','#5635 (FAQ suggestion: accessibility compliance)'
'5636','anonymous','unknown','#5636 (Admin backend uses `set` without the Python 2.3 fallback)'
'5637','unknown','unknown','["      #5637 (Python 2.5.1 users don''t need to install sqlite neither pysqlite)     –     "'
'5638','unknown','unknown','#5638 (Non-Western person names)'
'5639','anonymous','unknown','#5639 (Update loaddata/dumpdata encoding options documentation)'
'5640','unknown','unknown','#5640 (Request to improve error handling in utils.encoding.force_unicode.)'
'5641','permon','unknown','["      #5641 (ugettext_lazy in model''s default)     –     "'
'5642','Gregor_Kopka','unknown','["      #5642 ([patch] models.ForeignKey(''unloaded class'') raises AttributeError)     –     "'
'5643','Gregor_Kopka','unknown','#5643 (inspectdb lowercases all column names without creating correct db_column)'
'5644','garcia_marc','unknown','#5644 (Fix invalid html on the  Project site)'
'5645','unknown','unknown','#5645 ("First App" is Way Too Complex - Some Suggestions)'
'5646','unknown','unknown','#5646 (Add Testing Section)'
'5647','unknown','unknown','#5647 (Your First App - URL section - too complex - suggestions)'
'5648','Armin Ronacher','unknown','#5648 (__init__ of Models not overrideable)'
'5649','unknown','unknown','#5649 (Link not Available)'
'5650','unknown','unknown','["      #5650 (''Save and add another'' is displayed even without add permission)     –     "'
'5651','anonymous','unknown','#5651 (Single quotes get escaped twice when creating admin log)'
'5652','unknown','Bug','#5652 (Straightforward use of startproject command results in broken "Show on Site" link in admin)'
'5653','anonymous','unknown','#5653 (unicode in tutorial documentation)'
'5654','unknown','unknown','#5654 (possible error in newforms documentation)'
'5655','SmileyChris','unknown','["      #5655 (FileField''s _save_FIELD_file method evaluates the directory once for creating the directory, then again for creating the file)     –     "'
'5656','jbronn','unknown','#5656 (CREATE TRIGGER privileges also needed for Oracle users)'
'5657','unknown','unknown','#5657 ([patch] urlize breaks when string.letters is changed by the locale)'
'5658','unknown','unknown','#5658 ("Templates for authors" doesn\''t link to "templates for python programmers")'
'5659','unknown','unknown','#5659 (http://www.djangoproject.com/ is considered "external" web site.)'
'5660','unknown','unknown','#5660 (inconsistent behavior of explicit primary_key and ManyToManyField)'
'5661','pigletto','unknown','#5661 (UnicodeDecodeError while removing objects -> no ugettext import)'
'5662','unknown','unknown','#5662 (get_or_create fails when there is a unique field and other values)'
'5663','unknown','unknown','#5663 (markdown 1.6b unicodedecodeerror)'
'5664','unknown','unknown','["      #5664 (django.dispatch.saferef doesn''t work on Jython)     –     "'
'5665','unknown','unknown','#5665 (Form instances with MultipleChoiceField share choices)'
'5666','unknown','unknown','#5666 ("prefix" not documented in newforms)'
'5667','unknown','unknown','#5667 (Session backend does not work for db backend)'
'5668','unknown','unknown','#5668 ("import datetime" is needed)'
'5669','dwich','unknown','#5669 (ForeignKey (sometimes) not created in a database, constraint missing)'
'5670','unknown','unknown','#5670 (UKPostcodeField made more forgiving of input format)'
'5671','unknown','unknown','#5671 (Change SQL generation when primary_key=True and unique=True)'
'5672','remohammadi','unknown','["      #5672 (i18n minor problem (comma list items separator can''t be translated) in django.utils.text.get_text_list())     –     "'
'5673','unknown','unknown','#5673 ([enhancement] Admin interface only sort by the first ordering field in Meta class (in models))'
'5674','unknown','unknown','#5674 (overplus \''"\'' is exist in django/utils/translation/trans_null.py)'
'5675','unknown','unknown','#5675 (loaddata cannot cope with the datetime format from dumpdata)'
'5676','unknown','unknown','#5676 (mx localflavor)'
'5677','unknown','unknown','#5677 (Debugging with mod_python (apache))'
'5678','Anwajler','unknown','#5678 (JS: Urlify - add Polish support)'
'5679','rcoup','unknown','["      #5679 (Can''t assign GEOS geometries to a general GeometryField)     –     "'
'5680','unknown','unknown','#5680 (DatabaseFeatures.autoindexes_primary_key is unnecessary)'
'5681','Uninen','Bug','#5681 (Save as new disappears on failed validation)'
'5682','mtredinnick','unknown','#5682 (Support data sent via HTTP PUT in HttpRequest)'
'5683','unknown','unknown','#5683 (windows comments on the mod_python deployment document)'
'5684','gsf','unknown','#5684 (i18n settings file -- fixing awkwardness)'
'5685','__hawkeye__','New feature','#5685 ([patch] Add ability to perform pre-runtime setup before executing code)'
'5686','keturn','Cleanup/optimization','#5686 (separate functions in CommonMiddleware.process_response)'
'5687','unknown','unknown','#5687 (Swedish Translations patch)'
'5688','unknown','unknown','#5688 (missing word in Windows install instructions)'
'5689','unknown','unknown','#5689 (Empty/blank URLField evaluates true for template {% if %} tag)'
'5690','unknown','unknown','["      #5690 (Use os.path.dirname() not os.path.join(foo, ''..''))     –     "'
'5691','unknown','unknown','#5691 (Add the active language to generate the cache key)'
'5692','unknown','unknown','#5692 (Countries list for localflavor)'
'5693','unknown','unknown','#5693 (ForeignKey + edit_inline + primary_key breaks django)'
'5694','unknown','unknown','#5694 (Updated Hebrew translation)'
'5695','unknown','unknown','#5695 ([newform-admin] - i18n and xhtml problem in AdminFileWidget)'
'5696','ramiro','unknown','#5696 (updates for argentinean spanish (es_AR) localization)'
'5697','unknown','unknown','#5697 (How to change the website into another language by allowing user to select the language he/she wants to view the website in?)'
'5698','davisp','Uncategorized','#5698 (sqlite backend missing foreign keys)'
'5699','unknown','unknown','["      #5699 (Generic views'' page_range values incomparable to (current) page integer)     –     "'
'5700','unknown','unknown','#5700 (make-messages.py truncate long "Language-Team:")'
'5701','jdunck','unknown','#5701 (Fix naive introspection when using  decorators)'
'5702','unknown','unknown','["      #5702 ( Documentation defect: missed ''name='' in  - url_dispatch/#naming-url-patterns)     –     "'
'5703','unknown','unknown','#5703 (allow RNV as a fallback in XML validation)'
'5704','unknown','Bug','["      #5704 (Admin popup windows won''t close when using application/xhtml as default content type)     –     "'
'5705','unknown','unknown','#5705 (Admin login window CSS bug when using application/xhtml+xml)'
'5706','unknown','unknown','#5706 (Two HTML errors in Admin documentation.)'
'5707','unknown','unknown','#5707 (Aliases truncated to 64 characters on Postgres)'
'5708','unknown','unknown','["      #5708 (validate() returns ''This field is required.'' for number fields if number is Zero)     –     "'
'5709','unknown','unknown','#5709 (modify forms.RegexField to support inverse matching)'
'5710','unknown','unknown','#5710 (dumpdata/loaddata fails with many-to-many tables on postgresql)'
'5711','unknown','Bug','["      #5711 (serialize doesn''t work with extra())     –     "'
'5712','unknown','unknown','#5712 (debug.py fails if python source contains wrong encoded strings)'
'5713','NickMoffitt','unknown','#5713 (Template language lacks means to display trees as nested structures)'
'5714','unknown','Cleanup/optimization','["      #5714 (Date/Time fields'' clean methods need strip())     –     "'
'5715','MiCHiLU','unknown','#5715 (The link which includes non-ASCII is not encoded in admin view.)'
'5716','unknown','unknown','#5716 (Running the tests on Debian)'
'5717','unknown','unknown','#5717 (Suggestion: support for apps default settings)'
'5718','miracle2k','unknown','#5718 (PREPEND_WWW should ignore IP addresses/localhost)'
'5719','unknown','unknown','["      #5719 (from django.contrib.formtools import FormPreview   doesn''t import properly)     –     "'
'5720','brosner','unknown','#5720 ([newforms-admin] - remove legacy Manipulator code)'
'5721','unknown','unknown','#5721 (Objects with file fields, edited inline, throws validation errors on edit)'
'5722','derelm','unknown','#5722 (typo in docs/request_response.txt)'
'5723','derelm','unknown','#5723 (typo in docs/request_response.txt)'
'5724','unknown','unknown','#5724 (Data is retrieved to build select when raw_id is being used.)'
'5725','anonymous','Bug','#5725 (Inspectdb makes too long CharFields)'
'5726','anonymous','Cleanup/optimization','["      #5726 (Document that inspectdb doesn''t detect default values)     –     "'
'5727','unknown','unknown','#5727 (views/static.py small refactoring)'
'5728','MikeH','unknown','#5728 (SelectDateWidget does not work with datetime.date)'
'5729','mattdennewitz','unknown','["      #5729 ( doesn''t create real foreign keys when using MySQL INNODB engine)     –     "'
'5730','unknown','unknown','#5730 (widgets not properly escaping content)'
'5731','unknown','unknown','#5731 ([newforms-admin] - remove & replace radio_admin)'
'5732','ChCh','unknown','#5732 (urls.py import error)'
'5733','brosner','unknown','#5733 ([newforms-admin] - add formset_for_queryset)'
'5734','unknown','unknown','#5734 (utils.http.urlquote() ignores safe kwarg)'
'5735','Honza_Kral','unknown','#5735 (transaction for newforms-admin)'
'5736','unknown','unknown','["      #5736 (unique fields won''t be validated by .is_valid() in NewForms form_for_models)     –     "'
'5737','DavidReynolds','unknown','#5737 (CheckboxSelectMultiple when you use choices, required=False is not respected)'
'5738','unknown','Uncategorized','#5738 (django fails on defective unicode strings appearing in the url)'
'5739','Lllama','unknown','["      #5739 (Image and File Fields edited inline do not exhibit ''expected'' behaviour)     –     "'
'5740','unknown','unknown','#5740 (oracle inspectdb CharFields missing "max_length")'
'5741','dcwatson','Uncategorized','#5741 (make queryset get(), latest(), earliest(), take a default kwarg)'
'5742','SmileyChris','unknown','#5742 (`static_pattern` shortcut for serving static files)'
'5743','anonymous','unknown','["      #5743 ( breaks Python 2.5''s help())     –     "'
'5744','unknown','unknown','#5744 (SortedDict init with list of tuples)'
'5745','Armin Ronacher','New feature','#5745 (MySQL Collations/Charsets and Engines)'
'5746','unknown','Uncategorized','#5746 (Patch to add support for setting email return-path)'
'5747','unknown','unknown','#5747 (minor ambiguity in flatpages documentation)'
'5748','SmileyChris','unknown','#5748 (Fix rounding issue with floatformat filter)'
'5749','SmileyChris','New feature','#5749 (Add field_name as a key on the _html_output dict)'
'5750','jdetaeye','unknown','#5750 (Added documentation of the LOCALE_PATHS setting)'
'5751','akaihola','unknown','["      #5751 (manage.py test doesn''t run doctests for models split into separate files)     –     "'
'5752','unknown','unknown','["      #5752 (DateTime fields with default=datetime.now don''t fill properly in model.AddManipulator)     –     "'
'5753','ClaesBas','unknown','["      #5753 (manage syncdb (first time) in a small chrooted environment for example don''t give defaultuser...)     –     "'
'5754','unknown','unknown','["      #5754 (HttpResponse uses ''content-type'' while GZipMiddleware expects ''Content-Type'')     –     "'
'5755','unknown','unknown','#5755 (Permission problem in trunk Zip Archive.)'
'5756','sneeu','unknown','#5756 (Any template tag that uses Variable instead of parser.compile_filter does not handle filters.)'
'5757','aljosa','unknown','#5757 (translation for croatian)'
'5758','akaihola','unknown','#5758 ([newforms-admin] save() fails for non-deletable formsets)'
'5759','akaihola','unknown','["      #5759 ([newforms-admin] inline_formset() doesn''t allow customized forms)     –     "'
'5760','unknown','unknown','#5760 (Use keyed hashing for session data, remove duplicate code)'
'5761','unknown','unknown','["      #5761 (Use random.sample, don''t reimplement it)     –     "'
'5762','unknown','unknown','#5762 (APPEND_SLASH mishandles %23 in URL)'
'5763','jdetaeye','New feature','#5763 (Queryset doesn\''t have a "not equal" filter operator)'
'5764','unknown','unknown','["      #5764 (i18n doesn''t work on GET-request)     –     "'
'5765','Honza_Kral','unknown','#5765 (display non_forms error in edit_inline in newforms-admin)'
'5766','unknown','unknown','#5766 (Mixed up docs in django/contrib/comments/feeds.py)'
'5767','hax','unknown','#5767 (EmailField should render as a mailto anchor in admin list page)'
'5768','unknown','unknown','#5768 (Allow QuerySet.values() to return values spanning joins (for multi-valued relations))'
'5769','unknown','unknown','#5769 (djangoproject.com shows quite a few HTML and CSS validation errors)'
'5770','unknown','unknown','#5770 (Unicode error in admin documentation)'
'5771','lmierzej','unknown','#5771 (No support for ssl client certificates)'
'5772','unknown','unknown','#5772 (GzipMiddleware compresses JavaScript by accident)'
'5773','durdinator','unknown','#5773 (Typo in templatetag docs results in error after using docutils)'
'5774','unknown','unknown','["      #5774 (Default ''----------'' option in choices dropdowns present even when blank=False)     –     "'
'5775','jdetaeye','unknown','#5775 (staff_member_required decorator loses query parameters)'
'5776','unknown','unknown','["      #5776 (Conflict between tutorial and ''Get your database running'' section of the ''How to install '' page)     –     "'
'5777','unknown','unknown','#5777 (development installation instructions should say to use symbolic link)'
'5778','unknown','unknown','#5778 (Email subjects not encoded properly)'
'5779','tlp','unknown','#5779 (If the layer.srs does not have a srid it should return None)'
'5780','Honza_Kral','unknown','#5780 (pass the created/updated object to formsets in edit_inline for validation)'
'5781','Luca Lenardi','unknown','["      #5781 (Timeuntil filter doesn''t work as expected)     –     "'
'5782','obeattie','unknown','#5782 (Small spelling error on Documentation Page)'
'5783','wnielson','unknown','#5783 (`get_absolute_url` for User model should be configurable)'
'5784','unknown','unknown','#5784 (Include field name that causes validation error in CharField.to_python)'
'5785','garcia_marc','unknown','#5785 (Catalan and spanish translations updated)'
'5786','Armin Ronacher','unknown','#5786 (Relax character restrictions on auth usernames)'
'5787','ekarulf','unknown','#5787 (BCrypt password hashing support in )'
'5788','jdunck','unknown','#5788 (settings.LANG_CODE explanatory link is now dead)'
'5789','jdunck','Cleanup/optimization','#5789 ( LocaleMiddleware django_language should be _language)'
'5790','tpetazzoni','unknown','#5790 (Add support for Cc: in django/core/mail.py)'
'5791','unknown','unknown','#5791 (Conditional get decorator)'
'5792','unknown','unknown','#5792 (Problem on installation)'
'5793','unknown','New feature','#5793 (Allow custom attributes in Meta classes)'
'5794','unknown','unknown','#5794 ([patch] newforms DateTimeInput breaks form_for_model rendering)'
'5795','unknown','unknown','#5795 (Error with version 6582 (and higher))'
'5796','dcramer','unknown','["      #5796 (Make Q() return a boolean value based on it''s length)     –     "'
'5797','jdunck','Bug','#5797 (decorator_from_middleware can cause middleware hooks to run out of correct order.)'
